<?xml version="1.0" encoding="UTF-8" ?>
<XMLDB PATH="question/type/calculated/db" VERSION="20120122" COMMENT="XMLDB file for Moodle question/type/calculated. This question type also relies on the question_numerical_units table created by the numerical question type, and the dataset tables created by lib/db/install.xml."
    xmlns:xsi="http://www.w3.org/2001/XMLSchema-instance"
    xsi:noNamespaceSchemaLocation="../../../../lib/xmldb/xmldb.xsd"
>
  <TABLES>
    <TABLE NAME="question_calculated" COMMENT="Options for questions of type calculated">
      <FIELDS>
        <FIELD NAME="id" TYPE="int" LENGTH="10" NOTNULL="true" SEQUENCE="true"/>
        <FIELD NAME="question" TYPE="int" LENGTH="10" NOTNULL="true" DEFAULT="0" SEQUENCE="false"/>
        <FIELD NAME="answer" TYPE="int" LENGTH="10" NOTNULL="true" DEFAULT="0" SEQUENCE="false"/>
        <FIELD NAME="tolerance" TYPE="char" LENGTH="20" NOTNULL="true" DEFAULT="0.0" SEQUENCE="false"/>
        <FIELD NAME="tolerancetype" TYPE="int" LENGTH="10" NOTNULL="true" DEFAULT="1" SEQUENCE="false"/>
        <FIELD NAME="correctanswerlength" TYPE="int" LENGTH="10" NOTNULL="true" DEFAULT="2" SEQUENCE="false"/>
        <FIELD NAME="correctanswerformat" TYPE="int" LENGTH="10" NOTNULL="true" DEFAULT="2" SEQUENCE="false"/>
      </FIELDS>
      <KEYS>
        <KEY NAME="primary" TYPE="primary" FIELDS="id"/>
        <KEY NAME="question" TYPE="foreign" FIELDS="question" REFTABLE="question" REFFIELDS="id"/>
      </KEYS>
      <INDEXES>
        <INDEX NAME="answer" UNIQUE="false" FIELDS="answer"/>
      </INDEXES>
    </TABLE>
    <TABLE NAME="question_calculated_options" COMMENT="Options for questions of type calculated">
      <FIELDS>
        <FIELD NAME="id" TYPE="int" LENGTH="10" NOTNULL="true" SEQUENCE="true"/>
        <FIELD NAME="question" TYPE="int" LENGTH="10" NOTNULL="true" DEFAULT="0" SEQUENCE="false"/>
        <FIELD NAME="synchronize" TYPE="int" LENGTH="2" NOTNULL="true" DEFAULT="0" SEQUENCE="false"/>
        <FIELD NAME="single" TYPE="int" LENGTH="4" NOTNULL="true" DEFAULT="0" SEQUENCE="false" COMMENT="If 0 it multiple response (checkboxes). Otherwise it is radio buttons."/>
        <FIELD NAME="shuffleanswers" TYPE="int" LENGTH="4" NOTNULL="true" DEFAULT="0" SEQUENCE="false" COMMENT="Whether the choices can be randomly shuffled."/>
        <FIELD NAME="correctfeedback" TYPE="text" NOTNULL="false" SEQUENCE="false" COMMENT="Feedback shown for any correct response."/>
        <FIELD NAME="correctfeedbackformat" TYPE="int" LENGTH="2" NOTNULL="true" DEFAULT="0" SEQUENCE="false"/>
        <FIELD NAME="partiallycorrectfeedback" TYPE="text" NOTNULL="false" SEQUENCE="false" COMMENT="Feedback shown for any partially correct response."/>
        <FIELD NAME="partiallycorrectfeedbackformat" TYPE="int" LENGTH="2" NOTNULL="true" DEFAULT="0" SEQUENCE="false"/>
        <FIELD NAME="incorrectfeedback" TYPE="text" NOTNULL="false" SEQUENCE="false" COMMENT="Feedback shown for any incorrect response."/>
        <FIELD NAME="incorrectfeedbackformat" TYPE="int" LENGTH="2" NOTNULL="true" DEFAULT="0" SEQUENCE="false"/>
        <FIELD NAME="answernumbering" TYPE="char" LENGTH="10" NOTNULL="true" DEFAULT="abc" SEQUENCE="false" COMMENT="Indicates how and whether the choices should be numbered."/>
        <FIELD NAME="shownumcorrect" TYPE="int" LENGTH="2" NOTNULL="true" DEFAULT="0" SEQUENCE="false" COMMENT="If true, then when the user gets a multiple-response question partially correct, tell them how many choices they got correct alongside the feedback."/>
      </FIELDS>
      <KEYS>
        <KEY NAME="primary" TYPE="primary" FIELDS="id"/>
        <KEY NAME="question" TYPE="foreign" FIELDS="question" REFTABLE="question" REFFIELDS="id"/>
      </KEYS>
    </TABLE>
    <TABLE NAME="question_dataset_definitions" COMMENT="Organises and stores properties for dataset items">
      <FIELDS>
        <FIELD NAME="id" TYPE="int" LENGTH="10" NOTNULL="true" SEQUENCE="true"/>
        <FIELD NAME="category" TYPE="int" LENGTH="10" NOTNULL="true" DEFAULT="0" SEQUENCE="false"/>
        <FIELD NAME="name" TYPE="char" LENGTH="255" NOTNULL="true" SEQUENCE="false"/>
        <FIELD NAME="type" TYPE="int" LENGTH="10" NOTNULL="true" DEFAULT="0" SEQUENCE="false"/>
        <FIELD NAME="options" TYPE="char" LENGTH="255" NOTNULL="true" SEQUENCE="false"/>
        <FIELD NAME="itemcount" TYPE="int" LENGTH="10" NOTNULL="true" DEFAULT="0" SEQUENCE="false"/>
      </FIELDS>
      <KEYS>
        <KEY NAME="primary" TYPE="primary" FIELDS="id"/>
        <KEY NAME="category" TYPE="foreign" FIELDS="category" REFTABLE="question_categories" REFFIELDS="id"/>
      </KEYS>
    </TABLE>
    <TABLE NAME="question_dataset_items" COMMENT="Individual dataset items">
      <FIELDS>
        <FIELD NAME="id" TYPE="int" LENGTH="10" NOTNULL="true" SEQUENCE="true"/>
        <FIELD NAME="definition" TYPE="int" LENGTH="10" NOTNULL="true" DEFAULT="0" SEQUENCE="false"/>
        <FIELD NAME="itemnumber" TYPE="int" LENGTH="10" NOTNULL="true" DEFAULT="0" SEQUENCE="false"/>
        <FIELD NAME="value" TYPE="char" LENGTH="255" NOTNULL="true" SEQUENCE="false"/>
      </FIELDS>
      <KEYS>
        <KEY NAME="primary" TYPE="primary" FIELDS="id"/>
      </KEYS>
      <INDEXES>
        <INDEX NAME="definition" UNIQUE="false" FIELDS="definition"/>
      </INDEXES>
    </TABLE>
    <TABLE NAME="question_datasets" COMMENT="Many-many relation between questions and dataset definitions">
      <FIELDS>
        <FIELD NAME="id" TYPE="int" LENGTH="10" NOTNULL="true" SEQUENCE="true"/>
        <FIELD NAME="question" TYPE="int" LENGTH="10" NOTNULL="true" DEFAULT="0" SEQUENCE="false"/>
        <FIELD NAME="datasetdefinition" TYPE="int" LENGTH="10" NOTNULL="true" DEFAULT="0" SEQUENCE="false"/>
      </FIELDS>
      <KEYS>
        <KEY NAME="primary" TYPE="primary" FIELDS="id"/>
        <KEY NAME="question" TYPE="foreign" FIELDS="question" REFTABLE="question" REFFIELDS="id"/>
        <KEY NAME="datasetdefinition" TYPE="foreign" FIELDS="datasetdefinition" REFTABLE="question_dataset_definitions" REFFIELDS="id"/>
      </KEYS>
      <INDEXES>
        <INDEX NAME="question-datasetdefinition" UNIQUE="false" FIELDS="question, datasetdefinition"/>
      </INDEXES>
    </TABLE>
  </TABLES>
</XMLDB>